name,image,altname,link
Shane,img/team/shane.jpeg,Shane LeBlanc,https://www.shaneleblanc.net
Maddy,img/team/maddy.jpeg,Maddy Ford,https://www.linkedin.com/in/maddy-ford/
Tucker,img/team/tucker.jpeg,Matthew Tucker,https://www.linkedin.com/in/mtucker-18/
Liam,img/team/Liam.jpeg,Liam Patten,
Cindy,img/team/cindy.jpeg,Cindy Dovinh,https://www.linkedin.com/in/cdovinh/
Kickstart Coding,img/team/kickstart.png,Kickstart Coding,https://www.kickstartcoding.com
